cluster,mean,std,count
0,45.39481268011527,15.564977607669006,347
1,51.0,15.673338613935659,128
