cluster,mean,std,count
0,45.69164265129683,15.569720666381862,347
1,50.1953125,15.9201049504662,128
